{
    "distance_to_goal": 17.259818731117825,
    "normalized_distance_to_goal": 0.84114797949354,
    "success": 0.06042296072507553,
    "spl": 0.013186887127521503,
    "softspl": 0.07316501081525467,
    "na": 358.2255790533736,
    "sna": 0.006102382623455605,
    "sws": 0.05840886203423968
}