{
    "distance_to_goal": 6.456,
    "normalized_distance_to_goal": 0.657816049610864,
    "success": 0.119,
    "spl": 0.03012509971021675,
    "softspl": 0.12738031927808613,
    "na": 309.165,
    "sna": 0.012450335254435,
    "sws": 0.115
}