{
    "distance_to_goal": 16.587268993839835,
    "normalized_distance_to_goal": 0.844238658094447,
    "success": 0.061601642710472276,
    "spl": 0.016789066298724658,
    "softspl": 0.07270621586004103,
    "na": 351.8757700205339,
    "sna": 0.007508448887561521,
    "sws": 0.058521560574948665
}