{
    "distance_to_goal": 20.184,
    "normalized_distance_to_goal": 0.9079980643312702,
    "success": 0.048,
    "spl": 0.00987872418998439,
    "softspl": 0.06034188933900299,
    "na": 366.79,
    "sna": 0.0038193340707467173,
    "sws": 0.048
}