{
    "distance_to_goal": 16.863041289023162,
    "normalized_distance_to_goal": 0.8275724627311543,
    "success": 0.06747230614300101,
    "spl": 0.01582680942337923,
    "softspl": 0.0647095872015635,
    "na": 450.54884189325276,
    "sna": 0.006354847382010979,
    "sws": 0.06747230614300101
}