{
    "distance_to_goal": 16.45687885010267,
    "normalized_distance_to_goal": 0.8586145324813963,
    "success": 0.048254620123203286,
    "spl": 0.013669483157737755,
    "softspl": 0.0702074795097763,
    "na": 448.5123203285421,
    "sna": 0.0055878504556965865,
    "sws": 0.048254620123203286
}