{
    "distance_to_goal": 19.864,
    "normalized_distance_to_goal": 0.8734154405253176,
    "success": 0.066,
    "spl": 0.01568834004868069,
    "softspl": 0.06710727951479352,
    "na": 454.638,
    "sna": 0.006215894361772727,
    "sws": 0.064
}