{
    "distance_to_goal": 15.204225352112676,
    "normalized_distance_to_goal": 0.8270135440977546,
    "success": 0.06941649899396378,
    "spl": 0.020380753693352426,
    "softspl": 0.07745055075196186,
    "na": 440.4376257545272,
    "sna": 0.008722587960732444,
    "sws": 0.06639839034205232
}