{
    "distance_to_goal": 15.287726358148893,
    "normalized_distance_to_goal": 0.8267952908719909,
    "success": 0.056338028169014086,
    "spl": 0.016377615166399177,
    "softspl": 0.07391137405183494,
    "na": 352.96177062374244,
    "sna": 0.006937480825000757,
    "sws": 0.05533199195171026
}